Prolific-ID,IndFair-1,IndFair-2,IndFair-3,IndFair-4,IndFair-5,IndFair-6,IndFair-7,IndFair-8,IndFair-9
6312bf5a8d5c84a22cf8c7dc,No,"Yes: verbal hate speech against a non-Asian race/ethnicity (such as against Black, Hispanic, etc.)",1 month - 1 year,Moved to the USA at an age lower than 5 years old,"A Sinosphere country (Japan, North/South Korea, or Vietnam)",1,Necessary,"Criminal punishment (such as community service, probation, jail time)",Monthly
62d59ab6f7d966eece474824,Yes: online hate speech against Asian but not Chinese,Yes: verbal hate speech against Asian but not Chinese,1 month - 1 year,Born in the USA,An Asian country outside East/Southeast Asia,1,Necessary,Banning the hate speech creator from the relevant social media platform,Daily
612ad22f81fe574c7c38aa12,No,"Yes: verbal hate speech based on a non-race sensitive attribute (such as gender, sexual orientation, etc.)",1 day - 1 month,Born in the USA,An Asian country outside East/Southeast Asia,2,Necessary,Banning the hate speech creator from the relevant social media platform,Monthly
60ff8095fe0067960a67ab9b,Yes: online hate speech against Asian but not Chinese,Yes: verbal hate speech against Asian but not Chinese,Over 5 years,Born in the USA,An Asian country outside East/Southeast Asia,1,Necessary,Banning the hate speech creator from the relevant social media platform,Monthly
5e82a0f80e60759d6f6f2a80,No,Yes: verbal hate speech against Asian but not Chinese,1 year - 5 years,Born in the USA,"An East Asian or Southeast Asian country not mentioned above (such as Mongolia, Singapore, etc.)",0,Necessary,Banning the hate speech creator from the relevant social media platform,Weekly
5e2e7d79acf5fe45b62f859a,No,No,Over 5 years,Moved to the USA at an age between 18 and 30 years old,"An East Asian or Southeast Asian country not mentioned above (such as Mongolia, Singapore, etc.)",3 or more,Necessary,Civil damages (such as financial compensation for the victims’ mental sufferings),(Almost) never
607ce9df61f8f44b9403edfc,No,Yes: verbal hate speech against Asian but not Chinese,1 month - 1 year,Born in the USA,"Taiwan, Hong Kong, or Macau",1,Necessary,"Criminal punishment (such as community service, probation, jail time)",(Almost) always
632a385defc440ca225a32b4,Yes: online hate speech against Asian but not Chinese,Yes: verbal hate speech against Asian but not Chinese,1 month - 1 year,Born in the USA,Mainland China,0,Necessary,Deleting the hateful content (such as specific hate tweets),(Almost) never
63d2e6f27737af3af4e6fff4,Yes: online hate speech against Asian but not Chinese,Yes: verbal hate speech against Asian but not Chinese,Never,Born in the USA,"A Sinosphere country (Japan, North/South Korea, or Vietnam)",1,Necessary,Banning the hate speech creator from the relevant social media platform,Weekly
6291861f8937c6bd60637cf8,No,No,1 year - 5 years,Born in the USA,"An East Asian or Southeast Asian country not mentioned above (such as Mongolia, Singapore, etc.)",0,Unnecessary,No sanction,(Almost) never
630007a81cf7b634269e973c,Yes: online hate speech against Asian but not Chinese,Yes: verbal hate speech against Chinese,1 year - 5 years,Born in the USA,Mainland China,2,Necessary,Banning the hate speech creator from the relevant social media platform,Yearly
5d17ce93ac37cd0019535088,Yes: online hate speech against Asian but not Chinese,Yes: verbal hate speech against Chinese,Over 5 years,Moved to the USA at an age between 5 and 18 years old,Mainland China,2,Very necessary,Banning the hate speech creator from the relevant social media platform,Monthly
63619bf68269c27fa8aa56a1,No,No,Over 5 years,Moved to the USA at an age between 5 and 18 years old,"An East Asian or Southeast Asian country not mentioned above (such as Mongolia, Singapore, etc.)",1,Very necessary,Banning the hate speech creator from the relevant social media platform,(Almost) always
5ee1be444c9d75206ce5aa92,No,Yes: verbal hate speech against Asian but not Chinese,Never,Born in the USA,Mainland China,1,Necessary,Banning the hate speech creator from the relevant social media platform,Weekly
6090578fb2299eacaec32b7a,Yes: online hate speech against Asian but not Chinese,Yes: verbal hate speech against Asian but not Chinese,Never,Born in the USA,"A Sinosphere country (Japan, North/South Korea, or Vietnam)",0,Very necessary,Banning the hate speech creator from the relevant social media platform,Weekly
58d834cec207720001e2e750,Yes: online hate speech against Asian but not Chinese,"Yes: verbal hate speech based on a non-race sensitive attribute (such as gender, sexual orientation, etc.)",1 month - 1 year,Born in the USA,"An East Asian or Southeast Asian country not mentioned above (such as Mongolia, Singapore, etc.)",0,Necessary,Banning the hate speech creator from the relevant social media platform,(Almost) never
63268e60fbfb9c73671faa37,Yes: online hate speech against Asian but not Chinese,Yes: verbal hate speech against Asian but not Chinese,1 month - 1 year,Born in the USA,An Asian country outside East/Southeast Asia,1,Necessary,Banning the hate speech creator from the relevant social media platform,Weekly
61105f79f59379a1d7a49975,Yes: online hate speech against Asian but not Chinese,Yes: verbal hate speech against Asian but not Chinese,1 month - 1 year,Born in the USA,"A Sinosphere country (Japan, North/South Korea, or Vietnam)",0,Neutral,Civil damages (such as financial compensation for the victims’ mental sufferings),Yearly
5c947ee4cde5b30001d2d4d0,Yes: online hate speech against Asian but not Chinese,Yes: verbal hate speech against Asian but not Chinese,1 day - 1 month,Born in the USA,"A Sinosphere country (Japan, North/South Korea, or Vietnam)",1,Neutral,Deleting the hateful content (such as specific hate tweets),Yearly
5c328aa26558270001bd9571,No,No,1 month - 1 year,Born in the USA,Mainland China,1,Necessary,"Criminal punishment (such as community service, probation, jail time)",Weekly
5f73f37ed13ce303cc14ae35,Yes: online hate speech against Asian but not Chinese,Yes: verbal hate speech against Asian but not Chinese,1 year - 5 years,Moved to the USA at an age between 5 and 18 years old,"An East Asian or Southeast Asian country not mentioned above (such as Mongolia, Singapore, etc.)",1,Necessary,Banning the hate speech creator from the relevant social media platform,(Almost) never
6168b61ad8c0d63b37a92109,No,No,1 month - 1 year,Moved to the USA at an age between 5 and 18 years old,Mainland China,0,Necessary,Banning the hate speech creator from the relevant social media platform,Daily
62f06c2a723912d6dd3f3f22,Yes: online hate speech against Asian but not Chinese,Yes: verbal hate speech against Asian but not Chinese,Never,Born in the USA,"An East Asian or Southeast Asian country not mentioned above (such as Mongolia, Singapore, etc.)",0,Necessary,Banning the hate speech creator from the relevant social media platform,Weekly
63d086f89f695e2d3c210e9f,No,No,Never,Moved to the USA at an age between 5 and 18 years old,Mainland China,1,Neutral,Banning the hate speech creator from the relevant social media platform,(Almost) never
5654175604212700054a12b1,No,No,Never,Moved to the USA at an age lower than 5 years old,"An East Asian or Southeast Asian country not mentioned above (such as Mongolia, Singapore, etc.)",0,Necessary,Banning the hate speech creator from the relevant social media platform,(Almost) never
630051de1dfc7f3ba6bb40cc,Yes: online hate speech against Asian but not Chinese,Yes: verbal hate speech against Asian but not Chinese,1 day - 1 month,Born in the USA,An Asian country outside East/Southeast Asia,0,Necessary,Deleting the hateful content (such as specific hate tweets),Monthly
6104f2626b46bd21f1c9a1b3,Yes: online hate speech against Asian but not Chinese,"Yes: verbal hate speech based on a non-race sensitive attribute (such as gender, sexual orientation, etc.)",Never,Born in the USA,"A Sinosphere country (Japan, North/South Korea, or Vietnam)",1,Neutral,Banning the hate speech creator from the relevant social media platform,Weekly
6152baaee07bc0fe95137cac,No,No,1 year - 5 years,Born in the USA,Mainland China,1,Necessary,Deleting the hateful content (such as specific hate tweets),Weekly
63ba815c8e273426ad039080,No,Yes: verbal hate speech against Asian but not Chinese,1 year - 5 years,Moved to the USA at an age between 5 and 18 years old,"A Sinosphere country (Japan, North/South Korea, or Vietnam)",2,Neutral,Banning the hate speech creator from the relevant social media platform,(Almost) never
5d953b22b7555900159f2913,No,Yes: verbal hate speech against Asian but not Chinese,Never,Born in the USA,"An East Asian or Southeast Asian country not mentioned above (such as Mongolia, Singapore, etc.)",2,Necessary,Banning the hate speech creator from the relevant social media platform,Monthly
5c395df5f5ebd50001850900,"Yes: online hate speech against a non-Asian race/ethnicity (such as against Black, Hispanic, etc.)",Yes: verbal hate speech against Chinese,1 day - 1 month,Born in the USA,"Taiwan, Hong Kong, or Macau",1,Necessary,Banning the hate speech creator from the relevant social media platform,(Almost) never
5ea0a8ae498ebc0a4029dba7,Yes: online hate speech against Asian but not Chinese,Yes: verbal hate speech against Asian but not Chinese,Never,Born in the USA,"A Sinosphere country (Japan, North/South Korea, or Vietnam)",0,Necessary,Banning the hate speech creator from the relevant social media platform,(Almost) never
60c56282b8b616780c1012b4,No,Yes: verbal hate speech against Asian but not Chinese,Never,Moved to the USA at an age between 5 and 18 years old,"A Sinosphere country (Japan, North/South Korea, or Vietnam)",0,Necessary,Banning the hate speech creator from the relevant social media platform,Monthly
63d405cd213cc643902ce5da,No,"Yes: verbal hate speech against a non-Asian race/ethnicity (such as against Black, Hispanic, etc.)",1 day - 1 month,Born in the USA,"Taiwan, Hong Kong, or Macau",0,Neutral,Banning the hate speech creator from the relevant social media platform,(Almost) never
5f74fd83ed11b81620baf105,Yes: online hate speech against Chinese,Yes: verbal hate speech against Chinese,Over 5 years,Moved to the USA at an age between 5 and 18 years old,"Taiwan, Hong Kong, or Macau",1,Very necessary,"Criminal punishment (such as community service, probation, jail time)",Daily
5d012930cfeb82001817c9c9,No,Yes: verbal hate speech against Chinese,1 day - 1 month,Born in the USA,"Taiwan, Hong Kong, or Macau",2,Neutral,"Criminal punishment (such as community service, probation, jail time)",Yearly
629e241d171ec6698e05f149,No,No,Never,Born in the USA,"An East Asian or Southeast Asian country not mentioned above (such as Mongolia, Singapore, etc.)",0,Very unnecessary,No sanction,(Almost) never
5bca53970f10750001d75a8d,Yes: online hate speech against Chinese,"Yes: verbal hate speech based on a non-race sensitive attribute (such as gender, sexual orientation, etc.)",Over 5 years,Moved to the USA at an age between 18 and 30 years old,An Asian country outside East/Southeast Asia,1,Necessary,Banning the hate speech creator from the relevant social media platform,Monthly
5ebb96b6cd673a0008ace9ce,No,No,1 month - 1 year,Born in the USA,An Asian country outside East/Southeast Asia,1,Unnecessary,Deleting the hateful content (such as specific hate tweets),Daily
63636efc209a7701cd2f9a64,Yes: online hate speech against Asian but not Chinese,Yes: verbal hate speech against Asian but not Chinese,Never,Born in the USA,"An East Asian or Southeast Asian country not mentioned above (such as Mongolia, Singapore, etc.)",0,Necessary,Deleting the hateful content (such as specific hate tweets),(Almost) never
57864d24900cc80001d2de56,No,No,Never,Moved to the USA at an age between 5 and 18 years old,An Asian country outside East/Southeast Asia,0,Necessary,Banning the hate speech creator from the relevant social media platform,(Almost) never
607778a26ff3de83125f50c5,"Yes: online hate speech based on a non-race sensitive attribute (such as gender, sexual orientation, etc.)","Yes: verbal hate speech based on a non-race sensitive attribute (such as gender, sexual orientation, etc.)",Over 5 years,Moved to the USA at an age between 5 and 18 years old,An Asian country outside East/Southeast Asia,0,Very unnecessary,No sanction,(Almost) always
53987712fdf99b68e3a45021,No,Yes: verbal hate speech against Asian but not Chinese,1 month - 1 year,Moved to the USA at an age lower than 5 years old,"A Sinosphere country (Japan, North/South Korea, or Vietnam)",1,Necessary,Banning the hate speech creator from the relevant social media platform,Weekly
5d8a64630ffb9c001746ca2c,No,No,Never,Born in the USA,"A Sinosphere country (Japan, North/South Korea, or Vietnam)",0,Neutral,Banning the hate speech creator from the relevant social media platform,(Almost) never
5dcfc4a09595a10cd3ef3e59,No,Yes: verbal hate speech against Chinese,1 month - 1 year,Born in the USA,"Taiwan, Hong Kong, or Macau",1,Necessary,Banning the hate speech creator from the relevant social media platform,(Almost) never
58f3760092ac81000154f8af,Yes: online hate speech against Chinese,Yes: verbal hate speech against Chinese,Never,Born in the USA,Mainland China,1,Unnecessary,No sanction,Weekly
5fb2041681fe9376804e1249,No,"Yes: verbal hate speech based on a non-race sensitive attribute (such as gender, sexual orientation, etc.)",Never,Born in the USA,"Taiwan, Hong Kong, or Macau",2,Necessary,"Criminal punishment (such as community service, probation, jail time)",Yearly
62740cf8e39eba1055ef571b,No,Yes: verbal hate speech against Chinese,Over 5 years,Moved to the USA at an age between 18 and 30 years old,"Taiwan, Hong Kong, or Macau",2,Very necessary,Banning the hate speech creator from the relevant social media platform,Daily
63e51bd9b573cd46809e1d56,Yes: online hate speech against Asian but not Chinese,Yes: verbal hate speech against Asian but not Chinese,1 month - 1 year,Born in the USA,"A Sinosphere country (Japan, North/South Korea, or Vietnam)",1,Very necessary,Civil damages (such as financial compensation for the victims’ mental sufferings),(Almost) always
641640ace28d2bb30c45c595,Yes: online hate speech against Asian but not Chinese,Yes: verbal hate speech against Asian but not Chinese,1 month - 1 year,Born in the USA,"A Sinosphere country (Japan, North/South Korea, or Vietnam)",1,Necessary,Banning the hate speech creator from the relevant social media platform,(Almost) never
5e415a5f9dd805382f0b6af9,Yes: online hate speech against Asian but not Chinese,Yes: verbal hate speech against Asian but not Chinese,1 month - 1 year,Born in the USA,"A Sinosphere country (Japan, North/South Korea, or Vietnam)",1,Very necessary,Civil damages (such as financial compensation for the victims’ mental sufferings),Weekly
5d4ac837d2844e0001ecf699,"Yes: online hate speech based on a non-race sensitive attribute (such as gender, sexual orientation, etc.)","Yes: verbal hate speech based on a non-race sensitive attribute (such as gender, sexual orientation, etc.)",1 year - 5 years,Born in the USA,"An East Asian or Southeast Asian country not mentioned above (such as Mongolia, Singapore, etc.)",0,Necessary,"Criminal punishment (such as community service, probation, jail time)",Weekly
6345dc3fd19b0554d9d7b533,Yes: online hate speech against Asian but not Chinese,Yes: verbal hate speech against Asian but not Chinese,Never,Born in the USA,"A Sinosphere country (Japan, North/South Korea, or Vietnam)",1,Neutral,Civil damages (such as financial compensation for the victims’ mental sufferings),(Almost) never
6005fd9c8bbd67931607e518,No,No,1 day - 1 month,Born in the USA,Mainland China,1,Necessary,Banning the hate speech creator from the relevant social media platform,(Almost) never
5e8e7167572c651246e08a7b,Yes: online hate speech against Asian but not Chinese,Yes: verbal hate speech against Asian but not Chinese,1 month - 1 year,Moved to the USA at an age between 5 and 18 years old,"A Sinosphere country (Japan, North/South Korea, or Vietnam)",3 or more,Necessary,"Criminal punishment (such as community service, probation, jail time)",Yearly
62ecae2ce56ea262113d808d,Yes: online hate speech against Chinese,Yes: verbal hate speech against Chinese,Never,Born in the USA,Mainland China,1,Unnecessary,No sanction,Monthly
63fad8b20e532757a496f7f5,No,Yes: verbal hate speech against Chinese,Never,Born in the USA,"A Sinosphere country (Japan, North/South Korea, or Vietnam)",0,Neutral,Civil damages (such as financial compensation for the victims’ mental sufferings),(Almost) never
63d69e4d6648b39324fdf0ad,No,Yes: verbal hate speech against Asian but not Chinese,Never,Born in the USA,"A Sinosphere country (Japan, North/South Korea, or Vietnam)",0,Necessary,Banning the hate speech creator from the relevant social media platform,(Almost) never
647e0f22b1d466181ae694c4,No,No,Over 5 years,Moved to the USA at an age between 18 and 30 years old,Mainland China,1,Necessary,Deleting the hateful content (such as specific hate tweets),(Almost) never
6267c3d17f88988d0d787c7f,No,No,Prefer not to answer,Moved to the USA at an age higher than 30 years old,"An East Asian or Southeast Asian country not mentioned above (such as Mongolia, Singapore, etc.)",2,Very necessary,Banning the hate speech creator from the relevant social media platform,(Almost) never
63ecfea248ea89e9bb6b2a9a,No,No,1 month - 1 year,Born in the USA,"An East Asian or Southeast Asian country not mentioned above (such as Mongolia, Singapore, etc.)",1,Necessary,Banning the hate speech creator from the relevant social media platform,(Almost) never
6277f24d24ba4608b3fa016c,"Yes: online hate speech against a non-Asian race/ethnicity (such as against Black, Hispanic, etc.)","Yes: verbal hate speech against a non-Asian race/ethnicity (such as against Black, Hispanic, etc.)",Never,Born in the USA,No Asian background,0,Very necessary,"Criminal punishment (such as community service, probation, jail time)",Weekly
59c3289b8e6ea10001f7b926,"Yes: online hate speech based on a non-race sensitive attribute (such as gender, sexual orientation, etc.)",No,1 year - 5 years,Moved to the USA at an age between 5 and 18 years old,"An East Asian or Southeast Asian country not mentioned above (such as Mongolia, Singapore, etc.)",1,Necessary,Deleting the hateful content (such as specific hate tweets),(Almost) never
5ba98278d08ab20001c84f2b,Yes: online hate speech against Chinese,Yes: verbal hate speech against Chinese,Never,Born in the USA,Mainland China,0,Necessary,Banning the hate speech creator from the relevant social media platform,(Almost) never
63d13bbf2993cf5e372b7994,No,No,1 month - 1 year,Born in the USA,Mainland China,1,Neutral,Deleting the hateful content (such as specific hate tweets),(Almost) never
5dedf0483711364928753ecd,Yes: online hate speech against Asian but not Chinese,Yes: verbal hate speech against Asian but not Chinese,1 month - 1 year,Born in the USA,"A Sinosphere country (Japan, North/South Korea, or Vietnam)",1,Very necessary,"Criminal punishment (such as community service, probation, jail time)",Monthly
5f13ea38e764c61a82f38588,Yes: online hate speech against Chinese,Yes: verbal hate speech against Chinese,Over 5 years,Moved to the USA at an age between 5 and 18 years old,"Taiwan, Hong Kong, or Macau",1,Necessary,Banning the hate speech creator from the relevant social media platform,Monthly
60ceeec3a0bed4a1e603b8d7,Yes: online hate speech against Asian but not Chinese,Yes: verbal hate speech against Asian but not Chinese,Over 5 years,Moved to the USA at an age between 5 and 18 years old,"A Sinosphere country (Japan, North/South Korea, or Vietnam)",1,Necessary,Banning the hate speech creator from the relevant social media platform,(Almost) never
5fbedb605c74b312137f371b,No,Yes: verbal hate speech against Asian but not Chinese,1 month - 1 year,Moved to the USA at an age lower than 5 years old,"A Sinosphere country (Japan, North/South Korea, or Vietnam)",1,Necessary,Civil damages (such as financial compensation for the victims’ mental sufferings),Monthly
636181cafa036fd02cb083db,Yes: online hate speech against Asian but not Chinese,Yes: verbal hate speech against Chinese,1 day - 1 month,Born in the USA,Mainland China,0,Unnecessary,Banning the hate speech creator from the relevant social media platform,Yearly
6314bc49055e150c92f4736e,Yes: online hate speech against Asian but not Chinese,Yes: verbal hate speech against Chinese,1 month - 1 year,Born in the USA,"A Sinosphere country (Japan, North/South Korea, or Vietnam)",2,Very necessary,Civil damages (such as financial compensation for the victims’ mental sufferings),Yearly
62a733deec84f43ab19f7cca,No,No,Never,Born in the USA,Mainland China,1,Necessary,"Criminal punishment (such as community service, probation, jail time)",Weekly
5eeba89ba5de72356a3c8507,No,Yes: verbal hate speech against Asian but not Chinese,Never,Born in the USA,"An East Asian or Southeast Asian country not mentioned above (such as Mongolia, Singapore, etc.)",1,Necessary,Deleting the hateful content (such as specific hate tweets),Monthly
5dc0a5b5b4cc78050437f1b4,No,No,Never,Born in the USA,An Asian country outside East/Southeast Asia,0,Neutral,Civil damages (such as financial compensation for the victims’ mental sufferings),(Almost) never
5b32599cc8e94a00018f22a5,Yes: online hate speech against Asian but not Chinese,No,1 month - 1 year,Born in the USA,An Asian country outside East/Southeast Asia,1,Necessary,Banning the hate speech creator from the relevant social media platform,Weekly
62a733deec84f43ab19f7cca,No,No,Never,Born in the USA,Mainland China,1,Necessary,"Criminal punishment (such as community service, probation, jail time)",Weekly
62a733deec84f43ab19f7cca,No,No,Never,Born in the USA,Mainland China,1,Necessary,"Criminal punishment (such as community service, probation, jail time)",Weekly
60f45fc7523abdfd3aad4c80,No,Yes: verbal hate speech against Asian but not Chinese,Over 5 years,Moved to the USA at an age between 18 and 30 years old,An Asian country outside East/Southeast Asia,2,Neutral,Banning the hate speech creator from the relevant social media platform,(Almost) never
559ffa9bfdf99b0ad674856a,No,Yes: verbal hate speech against Asian but not Chinese,Never,Born in the USA,"A Sinosphere country (Japan, North/South Korea, or Vietnam)",0,Unnecessary,Banning the hate speech creator from the relevant social media platform,Weekly
63ea5fe64d7a2cce52a149ca,No,Yes: verbal hate speech against Asian but not Chinese,1 year - 5 years,Moved to the USA at an age between 5 and 18 years old,"A Sinosphere country (Japan, North/South Korea, or Vietnam)",1,Necessary,"Criminal punishment (such as community service, probation, jail time)",Weekly
5f18610a63c761000bf6a39a,Yes: online hate speech against Asian but not Chinese,Yes: verbal hate speech against Asian but not Chinese,1 day - 1 month,Born in the USA,An Asian country outside East/Southeast Asia,2,Very necessary,Banning the hate speech creator from the relevant social media platform,Monthly
631cd2d174d35f3489e933c4,Yes: online hate speech against Asian but not Chinese,Prefer not to answer,1 month - 1 year,Born in the USA,"A Sinosphere country (Japan, North/South Korea, or Vietnam)",1,Neutral,Civil damages (such as financial compensation for the victims’ mental sufferings),Weekly
6400f6cc707e23f68a94758a,No,No,Never,Born in the USA,Mainland China,1,Neutral,Deleting the hateful content (such as specific hate tweets),(Almost) never
63dd3dd2593c92be97d8dbde,No,No,Never,Born in the USA,"A Sinosphere country (Japan, North/South Korea, or Vietnam)",0,Very unnecessary,No sanction,(Almost) never
5a94c0b7b5e2110001c6891e,Yes: online hate speech against Asian but not Chinese,Yes: verbal hate speech against Asian but not Chinese,1 year - 5 years,Moved to the USA at an age lower than 5 years old,"Taiwan, Hong Kong, or Macau",1,Necessary,Banning the hate speech creator from the relevant social media platform,Yearly
5ef4b8cf1f15df0ae9c7a706,No,No,1 month - 1 year,Born in the USA,"An East Asian or Southeast Asian country not mentioned above (such as Mongolia, Singapore, etc.)",2,Necessary,Civil damages (such as financial compensation for the victims’ mental sufferings),(Almost) never
5c6e31540506a200015c3cc5,No,Yes: verbal hate speech against Asian but not Chinese,Over 5 years,Moved to the USA at an age between 5 and 18 years old,"A Sinosphere country (Japan, North/South Korea, or Vietnam)",1,Very necessary,"Criminal punishment (such as community service, probation, jail time)",(Almost) always
5692e00c8d93fe000efa0459,Yes: online hate speech against Asian but not Chinese,Yes: verbal hate speech against Asian but not Chinese,1 month - 1 year,Born in the USA,An Asian country outside East/Southeast Asia,0,Very necessary,"Criminal punishment (such as community service, probation, jail time)",Weekly
5d55a1f2fab56e000140df8f,No,No,Never,Born in the USA,Mainland China,1,Necessary,Banning the hate speech creator from the relevant social media platform,Weekly
63d4393f67ae4bf53fce7c48,Yes: online hate speech against Chinese,Yes: verbal hate speech against Chinese,1 year - 5 years,Born in the USA,Mainland China,0,Necessary,Deleting the hateful content (such as specific hate tweets),Weekly
63804d105c37525d499b9c6c,No,Yes: verbal hate speech against Chinese,Never,Born in the USA,Mainland China,0,Unnecessary,Deleting the hateful content (such as specific hate tweets),(Almost) never
6400f8f41e203f131c68b79f,No,Yes: verbal hate speech against Asian but not Chinese,1 day - 1 month,Born in the USA,Mainland China,1,Necessary,Banning the hate speech creator from the relevant social media platform,(Almost) never
5a3b209b2f3c2500018bc67d,Yes: online hate speech against Asian but not Chinese,Yes: verbal hate speech against Asian but not Chinese,1 month - 1 year,Born in the USA,Mainland China,0,Necessary,Banning the hate speech creator from the relevant social media platform,Monthly
6018a5c0e1600b187ccb8693,No,No,Never,Born in the USA,An Asian country outside East/Southeast Asia,0,Unnecessary,No sanction,Yearly
62dea78824188316a2ee17b6,Yes: online hate speech against Asian but not Chinese,Yes: verbal hate speech against Asian but not Chinese,1 month - 1 year,Born in the USA,"An East Asian or Southeast Asian country not mentioned above (such as Mongolia, Singapore, etc.)",0,Neutral,No sanction,(Almost) never
5faefcc22be93b11829e84df,No,No,Over 5 years,Moved to the USA at an age between 5 and 18 years old,Mainland China,1,Neutral,Civil damages (such as financial compensation for the victims’ mental sufferings),(Almost) never
57d6dd8d6598aa000199188b,"Yes: online hate speech based on a non-race sensitive attribute (such as gender, sexual orientation, etc.)",Yes: verbal hate speech against Asian but not Chinese,1 year - 5 years,Born in the USA,"A Sinosphere country (Japan, North/South Korea, or Vietnam)",2,Necessary,Civil damages (such as financial compensation for the victims’ mental sufferings),Yearly
63bf8a649931574320e98357,No,No,1 month - 1 year,Born in the USA,"A Sinosphere country (Japan, North/South Korea, or Vietnam)",1,Necessary,Banning the hate speech creator from the relevant social media platform,(Almost) never
63ea698ae87649af27a2a7ac,No,Yes: verbal hate speech against Chinese,1 year - 5 years,Born in the USA,"Taiwan, Hong Kong, or Macau",1,Necessary,"Criminal punishment (such as community service, probation, jail time)",(Almost) never
63d2094a50ed63bfb3b19fd4,No,No,Never,Moved to the USA at an age lower than 5 years old,Mainland China,0,Necessary,Banning the hate speech creator from the relevant social media platform,(Almost) never
5664641951fac700118ed23f,No,Yes: verbal hate speech against Chinese,Never,Born in the USA,Mainland China,0,Neutral,No sanction,(Almost) never
576e0f04688a5c00018d9c08,"Yes: online hate speech against a non-Asian race/ethnicity (such as against Black, Hispanic, etc.)","Yes: verbal hate speech against a non-Asian race/ethnicity (such as against Black, Hispanic, etc.)",1 year - 5 years,Moved to the USA at an age lower than 5 years old,An Asian country outside East/Southeast Asia,1,Neutral,Deleting the hateful content (such as specific hate tweets),Monthly
5c2c62542c45d400014a32e6,Yes: online hate speech against Asian but not Chinese,Yes: verbal hate speech against Asian but not Chinese,1 day - 1 month,Born in the USA,An Asian country outside East/Southeast Asia,0,Very necessary,Civil damages (such as financial compensation for the victims’ mental sufferings),Daily
5af9fab60a7ecb00011820b8,Yes: online hate speech against Asian but not Chinese,Yes: verbal hate speech against Asian but not Chinese,Over 5 years,Moved to the USA at an age between 5 and 18 years old,An Asian country outside East/Southeast Asia,Prefer not to answer,Necessary,Banning the hate speech creator from the relevant social media platform,Yearly
644eef3e0a26e06facf8ee84,No,Yes: verbal hate speech against Asian but not Chinese,1 month - 1 year,Moved to the USA at an age lower than 5 years old,"A Sinosphere country (Japan, North/South Korea, or Vietnam)",1,Necessary,Banning the hate speech creator from the relevant social media platform,Monthly
5f985596be2ea910b23827ed,Yes: online hate speech against Asian but not Chinese,"Yes: verbal hate speech against a non-Asian race/ethnicity (such as against Black, Hispanic, etc.)",1 month - 1 year,Born in the USA,Mainland China,1,Necessary,Banning the hate speech creator from the relevant social media platform,Monthly
61bb3a4f40db417c1a138ff4,No,No,1 day - 1 month,Born in the USA,"An East Asian or Southeast Asian country not mentioned above (such as Mongolia, Singapore, etc.)",0,Necessary,Banning the hate speech creator from the relevant social media platform,(Almost) always
5bf116a61e78580001dc4842,No,No,1 year - 5 years,Born in the USA,"Taiwan, Hong Kong, or Macau",1,Necessary,Banning the hate speech creator from the relevant social media platform,Weekly
647287f051cab7142b9ca9bf,No,No,Over 5 years,Moved to the USA at an age between 18 and 30 years old,An Asian country outside East/Southeast Asia,1,Necessary,"Criminal punishment (such as community service, probation, jail time)",(Almost) never
62a15df1dd6fa394ea04f063,No,Yes: verbal hate speech against Chinese,Never,Born in the USA,"An East Asian or Southeast Asian country not mentioned above (such as Mongolia, Singapore, etc.)",0,Necessary,"Criminal punishment (such as community service, probation, jail time)",Weekly
595bdc5b57e9520001f78eef,No,Yes: verbal hate speech against Chinese,1 day - 1 month,Born in the USA,"Taiwan, Hong Kong, or Macau",1,Very necessary,Banning the hate speech creator from the relevant social media platform,(Almost) never
634265d4ff46e9c74d9fe152,Yes: online hate speech against Asian but not Chinese,Yes: verbal hate speech against Asian but not Chinese,1 day - 1 month,Born in the USA,"An East Asian or Southeast Asian country not mentioned above (such as Mongolia, Singapore, etc.)",1,Necessary,Banning the hate speech creator from the relevant social media platform,Weekly
5efc1d4ee23e2a011ded073e,Yes: online hate speech against Asian but not Chinese,Yes: verbal hate speech against Asian but not Chinese,1 month - 1 year,Born in the USA,"An East Asian or Southeast Asian country not mentioned above (such as Mongolia, Singapore, etc.)",1,Necessary,Banning the hate speech creator from the relevant social media platform,Yearly
5e84c817507cd3066a527e5e,Yes: online hate speech against Asian but not Chinese,Yes: verbal hate speech against Asian but not Chinese,1 day - 1 month,Moved to the USA at an age lower than 5 years old,"An East Asian or Southeast Asian country not mentioned above (such as Mongolia, Singapore, etc.)",1,Necessary,Civil damages (such as financial compensation for the victims’ mental sufferings),Yearly
63e4787f8eddedf65f9348fb,Yes: online hate speech against Asian but not Chinese,No,1 month - 1 year,Born in the USA,"A Sinosphere country (Japan, North/South Korea, or Vietnam)",1,Necessary,Banning the hate speech creator from the relevant social media platform,Weekly
62df6e55d6e4b5d86aca366b,No,No,Over 5 years,Moved to the USA at an age between 5 and 18 years old,"An East Asian or Southeast Asian country not mentioned above (such as Mongolia, Singapore, etc.)",1,Necessary,Deleting the hateful content (such as specific hate tweets),(Almost) never
63d07155a81baf5108925992,Yes: online hate speech against Asian but not Chinese,Yes: verbal hate speech against Asian but not Chinese,1 day - 1 month,Born in the USA,"An East Asian or Southeast Asian country not mentioned above (such as Mongolia, Singapore, etc.)",1,Necessary,"Criminal punishment (such as community service, probation, jail time)",(Almost) never
5ba8f4f59287240001e1fff3,Yes: online hate speech against Asian but not Chinese,Yes: verbal hate speech against Chinese,1 year - 5 years,Moved to the USA at an age between 5 and 18 years old,Mainland China,0,Unnecessary,No sanction,(Almost) always
63d69bcc9ac7e2fd85b9ce49,No,No,Over 5 years,Moved to the USA at an age between 18 and 30 years old,An Asian country outside East/Southeast Asia,2,Neutral,Banning the hate speech creator from the relevant social media platform,Daily
63cb23389133d3f76db2336a,Yes: online hate speech against Chinese,"Yes: verbal hate speech against a non-Asian race/ethnicity (such as against Black, Hispanic, etc.)",1 month - 1 year,Born in the USA,Mainland China,1,Very necessary,Banning the hate speech creator from the relevant social media platform,(Almost) never
5ecc6ffce3ca77849333e83e,No,No,Over 5 years,Moved to the USA at an age higher than 30 years old,"A Sinosphere country (Japan, North/South Korea, or Vietnam)",0,Very unnecessary,No sanction,(Almost) always
63d423b81f5e313b9958723c,No,No,Never,Born in the USA,"A Sinosphere country (Japan, North/South Korea, or Vietnam)",1,Necessary,Deleting the hateful content (such as specific hate tweets),Yearly
5cef6401cd01760016535b53,Yes: online hate speech against Asian but not Chinese,Yes: verbal hate speech against Asian but not Chinese,Never,Born in the USA,"An East Asian or Southeast Asian country not mentioned above (such as Mongolia, Singapore, etc.)",0,Necessary,Banning the hate speech creator from the relevant social media platform,Monthly
629d16db307da2e64ea7b1e7,No,No,1 month - 1 year,Born in the USA,"A Sinosphere country (Japan, North/South Korea, or Vietnam)",1,Necessary,Banning the hate speech creator from the relevant social media platform,(Almost) never
648a6d990df5b9bf48b231a3,No,Yes: verbal hate speech against Asian but not Chinese,1 day - 1 month,Moved to the USA at an age between 5 and 18 years old,"A Sinosphere country (Japan, North/South Korea, or Vietnam)",1,Neutral,Banning the hate speech creator from the relevant social media platform,(Almost) never
5faeb8eb6562cd0163f216ec,Yes: online hate speech against Chinese,Prefer not to answer,1 month - 1 year,Born in the USA,"Taiwan, Hong Kong, or Macau",1,Very necessary,"Criminal punishment (such as community service, probation, jail time)",(Almost) never
62b10d376cda94ec0cd6c1e3,No,Yes: verbal hate speech against Chinese,1 month - 1 year,Born in the USA,"Taiwan, Hong Kong, or Macau",1,Necessary,"Criminal punishment (such as community service, probation, jail time)",Yearly
5fd0ef1dbfdf0801f669f642,Yes: online hate speech against Asian but not Chinese,Yes: verbal hate speech against Asian but not Chinese,1 day - 1 month,Born in the USA,"An East Asian or Southeast Asian country not mentioned above (such as Mongolia, Singapore, etc.)",0,Very necessary,"Criminal punishment (such as community service, probation, jail time)",Weekly
5fec060b5ce3ae867e64cfb3,Yes: online hate speech against Asian but not Chinese,Yes: verbal hate speech against Asian but not Chinese,1 year - 5 years,Moved to the USA at an age lower than 5 years old,"A Sinosphere country (Japan, North/South Korea, or Vietnam)",1,Necessary,Banning the hate speech creator from the relevant social media platform,Yearly
6104c21cf7b22a3004e6f45c,No,"Yes: verbal hate speech based on a non-race sensitive attribute (such as gender, sexual orientation, etc.)",Over 5 years,Moved to the USA at an age between 5 and 18 years old,"An East Asian or Southeast Asian country not mentioned above (such as Mongolia, Singapore, etc.)",0,Unnecessary,Banning the hate speech creator from the relevant social media platform,(Almost) always
60d4ecd22def4bbd52671db2,No,Prefer not to answer,1 day - 1 month,Born in the USA,Mainland China,1,Necessary,Deleting the hateful content (such as specific hate tweets),Daily
58c3a8c1b101a70001293790,No,No,Never,Born in the USA,"A Sinosphere country (Japan, North/South Korea, or Vietnam)",0,Very necessary,"Criminal punishment (such as community service, probation, jail time)",(Almost) never
6386ddffc51c763958b55fd2,Yes: online hate speech against Asian but not Chinese,No,1 day - 1 month,Born in the USA,An Asian country outside East/Southeast Asia,0,Very unnecessary,No sanction,(Almost) never
5b5c3b266b25590001778ea1,No,No,1 day - 1 month,Moved to the USA at an age between 5 and 18 years old,"An East Asian or Southeast Asian country not mentioned above (such as Mongolia, Singapore, etc.)",0,Necessary,Banning the hate speech creator from the relevant social media platform,(Almost) never
63e576170eb086a90644efb4,"Yes: online hate speech based on a non-race sensitive attribute (such as gender, sexual orientation, etc.)",Yes: verbal hate speech against Chinese,Over 5 years,Moved to the USA at an age between 5 and 18 years old,Mainland China,1,Neutral,Deleting the hateful content (such as specific hate tweets),(Almost) never
637ef4d4e9abb3274bc1c925,Yes: online hate speech against Chinese,No,1 day - 1 month,Born in the USA,Mainland China,0,Very necessary,Civil damages (such as financial compensation for the victims’ mental sufferings),(Almost) never
5f490d10022f3f2e8f33cc9a,Yes: online hate speech against Asian but not Chinese,Yes: verbal hate speech against Asian but not Chinese,1 month - 1 year,Born in the USA,An Asian country outside East/Southeast Asia,2,Very necessary,Civil damages (such as financial compensation for the victims’ mental sufferings),Monthly
59dd8d01ae9f950001d83c4b,No,No,1 month - 1 year,Born in the USA,An Asian country outside East/Southeast Asia,0,Very necessary,Civil damages (such as financial compensation for the victims’ mental sufferings),Yearly
5c11f8202b16ba0001c8b764,"Yes: online hate speech based on a non-race sensitive attribute (such as gender, sexual orientation, etc.)",No,1 month - 1 year,Born in the USA,"An East Asian or Southeast Asian country not mentioned above (such as Mongolia, Singapore, etc.)",0,Necessary,Deleting the hateful content (such as specific hate tweets),(Almost) never
627986ad0b4e17430bd23d80,Yes: online hate speech against Asian but not Chinese,Yes: verbal hate speech against Chinese,1 month - 1 year,Born in the USA,"A Sinosphere country (Japan, North/South Korea, or Vietnam)",2,Neutral,Banning the hate speech creator from the relevant social media platform,Yearly
5ae7ea3b77a799000116b43d,No,Yes: verbal hate speech against Asian but not Chinese,Never,Born in the USA,"A Sinosphere country (Japan, North/South Korea, or Vietnam)",0,Very necessary,Deleting the hateful content (such as specific hate tweets),(Almost) never
6290d46c21b280fe8d88155f,Yes: online hate speech against Asian but not Chinese,Yes: verbal hate speech against Asian but not Chinese,1 year - 5 years,Born in the USA,"An East Asian or Southeast Asian country not mentioned above (such as Mongolia, Singapore, etc.)",1,Neutral,Deleting the hateful content (such as specific hate tweets),Yearly
5dd749139255ed6e91628f96,"Yes: online hate speech based on a non-race sensitive attribute (such as gender, sexual orientation, etc.)",Yes: verbal hate speech against Chinese,1 day - 1 month,Born in the USA,"Taiwan, Hong Kong, or Macau",1,Very necessary,Banning the hate speech creator from the relevant social media platform,(Almost) never
63eb78a1fc614fd7af392873,No,No,Over 5 years,Moved to the USA at an age between 18 and 30 years old,An Asian country outside East/Southeast Asia,2,Necessary,Banning the hate speech creator from the relevant social media platform,Daily
63d13b764f00a53476867c25,"Yes: online hate speech based on a non-race sensitive attribute (such as gender, sexual orientation, etc.)",Yes: verbal hate speech against Asian but not Chinese,Never,Born in the USA,"A Sinosphere country (Japan, North/South Korea, or Vietnam)",1,Necessary,Banning the hate speech creator from the relevant social media platform,Monthly
64136da866ff27f7bf98cfe0,No,Yes: verbal hate speech against Chinese,1 month - 1 year,Born in the USA,"Taiwan, Hong Kong, or Macau",1,Necessary,Civil damages (such as financial compensation for the victims’ mental sufferings),(Almost) never
5d4a41890e604c00011ade8b,Yes: online hate speech against Asian but not Chinese,No,1 month - 1 year,Born in the USA,"A Sinosphere country (Japan, North/South Korea, or Vietnam)",1,Very necessary,Banning the hate speech creator from the relevant social media platform,(Almost) never
61118b5fd788969295997051,No,No,Never,Born in the USA,No Asian background,0,Necessary,Banning the hate speech creator from the relevant social media platform,(Almost) never
628e3b1e391943aad37fbd4f,No,"Yes: verbal hate speech against a non-Asian race/ethnicity (such as against Black, Hispanic, etc.)",Never,Moved to the USA at an age lower than 5 years old,No Asian background,0,Unnecessary,Deleting the hateful content (such as specific hate tweets),Weekly
5f6d4eca97c74a1d206f0b0c,"Yes: online hate speech based on a non-race sensitive attribute (such as gender, sexual orientation, etc.)",No,Never,Born in the USA,No Asian background,0,Very necessary,"Criminal punishment (such as community service, probation, jail time)",Daily
62962c18b210880e85c1fc8e,"Yes: online hate speech against a non-Asian race/ethnicity (such as against Black, Hispanic, etc.)","Yes: verbal hate speech against a non-Asian race/ethnicity (such as against Black, Hispanic, etc.)",1 month - 1 year,Born in the USA,No Asian background,1,Very unnecessary,No sanction,Weekly
61004696895aeda4629ecd6e,"Yes: online hate speech based on a non-race sensitive attribute (such as gender, sexual orientation, etc.)","Yes: verbal hate speech based on a non-race sensitive attribute (such as gender, sexual orientation, etc.)",Never,Born in the USA,No Asian background,0,Necessary,Banning the hate speech creator from the relevant social media platform,Monthly
63b6564d17f6597f31d9ad82,No,No,Never,Born in the USA,No Asian background,0,Neutral,Deleting the hateful content (such as specific hate tweets),(Almost) never
5e21cba92d38754b6cbddf6d,"Yes: online hate speech based on a non-race sensitive attribute (such as gender, sexual orientation, etc.)",No,Never,Born in the USA,No Asian background,0,Neutral,Deleting the hateful content (such as specific hate tweets),(Almost) always
63614a5230a2eb300bf090b5,"Yes: online hate speech based on a non-race sensitive attribute (such as gender, sexual orientation, etc.)","Yes: verbal hate speech based on a non-race sensitive attribute (such as gender, sexual orientation, etc.)",Never,Born in the USA,No Asian background,0,Necessary,Banning the hate speech creator from the relevant social media platform,Weekly
6365c4871dc80ca12379cf8e,No,No,Never,Born in the USA,No Asian background,0,Necessary,"Criminal punishment (such as community service, probation, jail time)",(Almost) never
59fd7b4a728b1b0001ad86fc,No,"Yes: verbal hate speech based on a non-race sensitive attribute (such as gender, sexual orientation, etc.)",Never,Born in the USA,No Asian background,0,Very necessary,Banning the hate speech creator from the relevant social media platform,(Almost) never
5bb0c112a1c73d0001b9ce9e,"Yes: online hate speech based on a non-race sensitive attribute (such as gender, sexual orientation, etc.)","Yes: verbal hate speech based on a non-race sensitive attribute (such as gender, sexual orientation, etc.)",Never,Born in the USA,No Asian background,0,Very necessary,Civil damages (such as financial compensation for the victims’ mental sufferings),Weekly
5d174cf0f0b3c1001a263bb4,"Yes: online hate speech based on a non-race sensitive attribute (such as gender, sexual orientation, etc.)","Yes: verbal hate speech based on a non-race sensitive attribute (such as gender, sexual orientation, etc.)",Never,Born in the USA,No Asian background,0,Necessary,Banning the hate speech creator from the relevant social media platform,Monthly
5f50196326475e18b036b372,"Yes: online hate speech based on a non-race sensitive attribute (such as gender, sexual orientation, etc.)","Yes: verbal hate speech based on a non-race sensitive attribute (such as gender, sexual orientation, etc.)",Never,Born in the USA,No Asian background,0,Very necessary,Banning the hate speech creator from the relevant social media platform,(Almost) never
63476d0cda1a40c5a8e0a395,"Yes: online hate speech based on a non-race sensitive attribute (such as gender, sexual orientation, etc.)","Yes: verbal hate speech based on a non-race sensitive attribute (such as gender, sexual orientation, etc.)",Never,Born in the USA,No Asian background,Prefer not to answer,Necessary,Banning the hate speech creator from the relevant social media platform,Weekly
5a4afdd835c9d50001fdd1c0,No,No,Never,Born in the USA,No Asian background,0,Necessary,Deleting the hateful content (such as specific hate tweets),Yearly
609b22b07a8af60592fbe464,"Yes: online hate speech against a non-Asian race/ethnicity (such as against Black, Hispanic, etc.)",No,1 day - 1 month,Born in the USA,No Asian background,0,Necessary,Banning the hate speech creator from the relevant social media platform,Weekly
55cd909c34e906000a8d1e1e,No,No,Never,Born in the USA,No Asian background,0,Necessary,Banning the hate speech creator from the relevant social media platform,Monthly
5c28a7d31c8e4c0001b2e0a4,No,No,Never,Born in the USA,No Asian background,0,Necessary,Deleting the hateful content (such as specific hate tweets),(Almost) always
628deac8711dee5dbda650ae,No,No,Never,Born in the USA,No Asian background,0,Very unnecessary,No sanction,(Almost) never
5dda0a8b3c870a9824c901f5,No,"Yes: verbal hate speech against a non-Asian race/ethnicity (such as against Black, Hispanic, etc.)",1 month - 1 year,Born in the USA,No Asian background,0,Necessary,Banning the hate speech creator from the relevant social media platform,(Almost) never
63179fe6d8b52834c9c8f5f7,"Yes: online hate speech based on a non-race sensitive attribute (such as gender, sexual orientation, etc.)",No,Never,Born in the USA,No Asian background,0,Very necessary,Civil damages (such as financial compensation for the victims’ mental sufferings),(Almost) never
5e532bad158f1d33b3473072,No,No,Never,Born in the USA,No Asian background,0,Very unnecessary,No sanction,(Almost) never
5f87d9bfc31a1322cfc32cbd,"Yes: online hate speech based on a non-race sensitive attribute (such as gender, sexual orientation, etc.)",No,Never,Born in the USA,No Asian background,0,Unnecessary,Banning the hate speech creator from the relevant social media platform,(Almost) always
56bae08f30d6b30005f8537a,No,No,1 day - 1 month,Born in the USA,No Asian background,1,Necessary,Civil damages (such as financial compensation for the victims’ mental sufferings),Monthly
5d16f74040218700189a0fce,"Yes: online hate speech based on a non-race sensitive attribute (such as gender, sexual orientation, etc.)","Yes: verbal hate speech based on a non-race sensitive attribute (such as gender, sexual orientation, etc.)",1 day - 1 month,Born in the USA,No Asian background,0,Neutral,Deleting the hateful content (such as specific hate tweets),(Almost) never
5be723d67514d000010863f9,No,No,Never,Born in the USA,No Asian background,0,Necessary,"Criminal punishment (such as community service, probation, jail time)",Weekly
60fcd954f5ff1656599b53c9,"Yes: online hate speech against a non-Asian race/ethnicity (such as against Black, Hispanic, etc.)","Yes: verbal hate speech against a non-Asian race/ethnicity (such as against Black, Hispanic, etc.)",Never,Born in the USA,No Asian background,0,Very unnecessary,Civil damages (such as financial compensation for the victims’ mental sufferings),(Almost) never
5e1f7b2a4c9b832b34e7c9d3,No,No,Never,Born in the USA,No Asian background,0,Necessary,Banning the hate speech creator from the relevant social media platform,(Almost) never
622ab357bb3af819f2e5df3b,No,"Yes: verbal hate speech against a non-Asian race/ethnicity (such as against Black, Hispanic, etc.)",Never,Born in the USA,No Asian background,0,Necessary,Banning the hate speech creator from the relevant social media platform,(Almost) never
5cc93712f2915d00148a0602,No,No,1 day - 1 month,Born in the USA,No Asian background,0,Necessary,Deleting the hateful content (such as specific hate tweets),(Almost) never
614d465852620924f85603c8,"Yes: online hate speech based on a non-race sensitive attribute (such as gender, sexual orientation, etc.)","Yes: verbal hate speech against a non-Asian race/ethnicity (such as against Black, Hispanic, etc.)",Never,Born in the USA,No Asian background,0,Unnecessary,Deleting the hateful content (such as specific hate tweets),Monthly
60fcccf19409519d6d7722f3,"Yes: online hate speech based on a non-race sensitive attribute (such as gender, sexual orientation, etc.)","Yes: verbal hate speech based on a non-race sensitive attribute (such as gender, sexual orientation, etc.)",1 day - 1 month,Born in the USA,No Asian background,0,Necessary,Banning the hate speech creator from the relevant social media platform,Weekly
60455511710c89680924f7ac,No,"Yes: verbal hate speech based on a non-race sensitive attribute (such as gender, sexual orientation, etc.)",Never,Born in the USA,No Asian background,0,Necessary,Civil damages (such as financial compensation for the victims’ mental sufferings),Weekly
5c5c5313a3e64300012b5042,No,No,Never,Born in the USA,No Asian background,0,Necessary,Banning the hate speech creator from the relevant social media platform,Yearly
62fc59f2b76e8ece7e55603a,"Yes: online hate speech based on a non-race sensitive attribute (such as gender, sexual orientation, etc.)","Yes: verbal hate speech against a non-Asian race/ethnicity (such as against Black, Hispanic, etc.)",Never,Born in the USA,No Asian background,0,Necessary,Banning the hate speech creator from the relevant social media platform,Daily
5d073bbfffd6f0000150a7eb,"Yes: online hate speech against a non-Asian race/ethnicity (such as against Black, Hispanic, etc.)","Yes: verbal hate speech based on a non-race sensitive attribute (such as gender, sexual orientation, etc.)",Never,Born in the USA,No Asian background,0,Very necessary,Civil damages (such as financial compensation for the victims’ mental sufferings),Weekly
5f5550685e8dec926f63cef1,No,No,Never,Born in the USA,No Asian background,0,Necessary,Civil damages (such as financial compensation for the victims’ mental sufferings),(Almost) never
5fc7e4142a10490c47936a64,"Yes: online hate speech based on a non-race sensitive attribute (such as gender, sexual orientation, etc.)","Yes: verbal hate speech based on a non-race sensitive attribute (such as gender, sexual orientation, etc.)",Never,Born in the USA,No Asian background,0,Necessary,"Criminal punishment (such as community service, probation, jail time)",Weekly
5bacb6b9f2d97e0001c52a63,No,No,Never,Born in the USA,No Asian background,0,Necessary,Deleting the hateful content (such as specific hate tweets),(Almost) always
6119dc5f98cee458f5753747,No,No,Never,Born in the USA,No Asian background,0,Neutral,Banning the hate speech creator from the relevant social media platform,(Almost) never
6336fecb0b27c43626068e01,"Yes: online hate speech based on a non-race sensitive attribute (such as gender, sexual orientation, etc.)","Yes: verbal hate speech against a non-Asian race/ethnicity (such as against Black, Hispanic, etc.)",Never,Born in the USA,No Asian background,0,Necessary,"Criminal punishment (such as community service, probation, jail time)",(Almost) always
60fdd6619d528625b8d667e8,No,No,Never,Born in the USA,No Asian background,0,Necessary,Banning the hate speech creator from the relevant social media platform,(Almost) never
61719bfec06e3136189edb55,No,"Yes: verbal hate speech against a non-Asian race/ethnicity (such as against Black, Hispanic, etc.)",Never,Born in the USA,No Asian background,0,Necessary,Banning the hate speech creator from the relevant social media platform,Monthly
5623f187ed6e5a0011c81083,No,No,Never,Born in the USA,No Asian background,0,Necessary,Banning the hate speech creator from the relevant social media platform,(Almost) never
60fcd9699c3def3068403b90,"Yes: online hate speech based on a non-race sensitive attribute (such as gender, sexual orientation, etc.)","Yes: verbal hate speech based on a non-race sensitive attribute (such as gender, sexual orientation, etc.)",Never,Born in the USA,No Asian background,0,Very necessary,"Criminal punishment (such as community service, probation, jail time)",(Almost) never
62d2aee15e1dc6709bdcace0,No,No,Never,Born in the USA,No Asian background,0,Necessary,Banning the hate speech creator from the relevant social media platform,Monthly
60bd28cc95ab27d4f4f6ada3,No,No,Never,Born in the USA,No Asian background,0,Very unnecessary,No sanction,(Almost) never
5e176b2163c7a407ce2f02a1,No,No,1 day - 1 month,Born in the USA,No Asian background,0,Unnecessary,Deleting the hateful content (such as specific hate tweets),Yearly
5f77abf7352cf73063e096df,"Yes: online hate speech based on a non-race sensitive attribute (such as gender, sexual orientation, etc.)","Yes: verbal hate speech based on a non-race sensitive attribute (such as gender, sexual orientation, etc.)",Never,Born in the USA,No Asian background,1,Very necessary,Banning the hate speech creator from the relevant social media platform,Daily
570d22b35e5156000efd8bd5,No,No,Never,Born in the USA,No Asian background,0,Very necessary,Banning the hate speech creator from the relevant social media platform,(Almost) never
5dfe8e7bdc8535b21b18ea2f,No,No,1 day - 1 month,Born in the USA,No Asian background,0,Necessary,Banning the hate speech creator from the relevant social media platform,(Almost) never
63d3ff13c170f19987725d18,"Yes: online hate speech against a non-Asian race/ethnicity (such as against Black, Hispanic, etc.)","Yes: verbal hate speech based on a non-race sensitive attribute (such as gender, sexual orientation, etc.)",Prefer not to answer,Born in the USA,No Asian background,Prefer not to answer,Necessary,Banning the hate speech creator from the relevant social media platform,(Almost) always
5a63bd0113898300014b3bb9,No,No,1 month - 1 year,Born in the USA,No Asian background,0,Necessary,Banning the hate speech creator from the relevant social media platform,(Almost) never
5f4ee0e82f0d6c12d692c29b,"Yes: online hate speech based on a non-race sensitive attribute (such as gender, sexual orientation, etc.)","Yes: verbal hate speech based on a non-race sensitive attribute (such as gender, sexual orientation, etc.)",Never,Born in the USA,No Asian background,0,Neutral,Banning the hate speech creator from the relevant social media platform,Yearly
60dfd857e293a99dd577f4c8,No,No,Never,Born in the USA,No Asian background,0,Neutral,No sanction,(Almost) never
5c6f64cdcacbc8000113ed19,No,No,Never,Born in the USA,No Asian background,0,Neutral,Banning the hate speech creator from the relevant social media platform,(Almost) never
5beccd423b6489000156596f,No,"Yes: verbal hate speech based on a non-race sensitive attribute (such as gender, sexual orientation, etc.)",Never,Born in the USA,No Asian background,0,Neutral,Deleting the hateful content (such as specific hate tweets),Monthly
62f0f422c25e8ccbcb742154,"Yes: online hate speech based on a non-race sensitive attribute (such as gender, sexual orientation, etc.)","Yes: verbal hate speech based on a non-race sensitive attribute (such as gender, sexual orientation, etc.)",Never,Born in the USA,No Asian background,0,Unnecessary,No sanction,(Almost) always
5d1d3f10d5669200017b4e46,"Yes: online hate speech based on a non-race sensitive attribute (such as gender, sexual orientation, etc.)","Yes: verbal hate speech based on a non-race sensitive attribute (such as gender, sexual orientation, etc.)",Never,Born in the USA,No Asian background,0,Very unnecessary,Civil damages (such as financial compensation for the victims’ mental sufferings),(Almost) always
648868ab86c65ebe29777662,No,No,Never,Born in the USA,No Asian background,0,Necessary,Civil damages (such as financial compensation for the victims’ mental sufferings),(Almost) never
561d98e03d7fe8000b0f5e09,No,No,Never,Born in the USA,No Asian background,0,Necessary,Civil damages (such as financial compensation for the victims’ mental sufferings),Daily
647654b5c93db305ae533763,No,"Yes: verbal hate speech against a non-Asian race/ethnicity (such as against Black, Hispanic, etc.)",Never,Born in the USA,No Asian background,0,Very unnecessary,No sanction,Daily
5765dffd7805730001ecfcd0,No,"Yes: verbal hate speech against a non-Asian race/ethnicity (such as against Black, Hispanic, etc.)",Never,Born in the USA,No Asian background,0,Necessary,Banning the hate speech creator from the relevant social media platform,(Almost) never
5e36f211c5175f000b4038e9,No,No,Never,Born in the USA,No Asian background,0,Necessary,Deleting the hateful content (such as specific hate tweets),(Almost) never
5a388fdc0006450001bf2983,No,No,Never,Born in the USA,No Asian background,0,Necessary,Banning the hate speech creator from the relevant social media platform,Weekly
60a7ba346d47f96dd56209cf,No,"Yes: verbal hate speech based on a non-race sensitive attribute (such as gender, sexual orientation, etc.)",1 day - 1 month,Born in the USA,"An East Asian or Southeast Asian country not mentioned above (such as Mongolia, Singapore, etc.)",0,Neutral,Banning the hate speech creator from the relevant social media platform,(Almost) never
5cda0f40fbe78a00192192a3,No,No,1 day - 1 month,Born in the USA,No Asian background,0,Necessary,Banning the hate speech creator from the relevant social media platform,(Almost) never
644e70a29cba8cc79d738a7a,No,No,Never,Born in the USA,No Asian background,0,Neutral,Banning the hate speech creator from the relevant social media platform,(Almost) never
615e1782e969d4939045c54f,No,No,Never,Born in the USA,No Asian background,0,Necessary,Civil damages (such as financial compensation for the victims’ mental sufferings),(Almost) never
5ddd2a4459b1b0c7509c7a47,No,"Yes: verbal hate speech based on a non-race sensitive attribute (such as gender, sexual orientation, etc.)",Never,Born in the USA,No Asian background,0,Necessary,Banning the hate speech creator from the relevant social media platform,Yearly
63ddc6baab6a2130b8a41bf7,"Yes: online hate speech based on a non-race sensitive attribute (such as gender, sexual orientation, etc.)","Yes: verbal hate speech based on a non-race sensitive attribute (such as gender, sexual orientation, etc.)",Never,Born in the USA,No Asian background,0,Very necessary,"Criminal punishment (such as community service, probation, jail time)",Weekly
581649f0b434f0000184d2a9,No,No,Never,Born in the USA,No Asian background,1,Very necessary,Civil damages (such as financial compensation for the victims’ mental sufferings),(Almost) never
5e6fd3293c76d25a3ca8b384,No,No,1 month - 1 year,Born in the USA,No Asian background,0,Necessary,Banning the hate speech creator from the relevant social media platform,(Almost) never
63eab29693a6eb7fd0174010,"Yes: online hate speech based on a non-race sensitive attribute (such as gender, sexual orientation, etc.)",Prefer not to answer,Never,Born in the USA,No Asian background,0,Unnecessary,Banning the hate speech creator from the relevant social media platform,(Almost) always
5f4c49b249b99c1462dd2640,"Yes: online hate speech based on a non-race sensitive attribute (such as gender, sexual orientation, etc.)",No,Never,Born in the USA,No Asian background,0,Necessary,Civil damages (such as financial compensation for the victims’ mental sufferings),Monthly
6448b02780b6d2fc3ea9d479,"Yes: online hate speech based on a non-race sensitive attribute (such as gender, sexual orientation, etc.)","Yes: verbal hate speech based on a non-race sensitive attribute (such as gender, sexual orientation, etc.)",Never,Born in the USA,No Asian background,0,Very necessary,Banning the hate speech creator from the relevant social media platform,Daily
5c58e01e6f4ec5000164c35a,No,No,Never,Born in the USA,No Asian background,0,Very necessary,Civil damages (such as financial compensation for the victims’ mental sufferings),(Almost) always
61033ec7e702e52a3bc8e606,No,No,Never,Born in the USA,No Asian background,0,Necessary,Civil damages (such as financial compensation for the victims’ mental sufferings),(Almost) never
6400f087f7c99ab99abdf3c8,No,"Yes: verbal hate speech based on a non-race sensitive attribute (such as gender, sexual orientation, etc.)",Never,Born in the USA,No Asian background,0,Neutral,Civil damages (such as financial compensation for the victims’ mental sufferings),Monthly
581d38509b5b8800014d507e,No,Prefer not to answer,Never,Born in the USA,No Asian background,0,Necessary,Banning the hate speech creator from the relevant social media platform,(Almost) never
5eab19e1b72f750cd7413764,No,"Yes: verbal hate speech based on a non-race sensitive attribute (such as gender, sexual orientation, etc.)",Never,Born in the USA,No Asian background,0,Necessary,"Criminal punishment (such as community service, probation, jail time)",(Almost) never
614e2446523bb49af662fb62,No,"Yes: verbal hate speech against a non-Asian race/ethnicity (such as against Black, Hispanic, etc.)",Never,Born in the USA,No Asian background,0,Unnecessary,Deleting the hateful content (such as specific hate tweets),Weekly
5dd33bd8f01cbe3350807cf6,No,No,Never,Born in the USA,No Asian background,0,Necessary,Banning the hate speech creator from the relevant social media platform,(Almost) never
63ed6bb63692bbe5e0e4f0c2,No,"Yes: verbal hate speech against a non-Asian race/ethnicity (such as against Black, Hispanic, etc.)",Never,Born in the USA,No Asian background,0,Necessary,Deleting the hateful content (such as specific hate tweets),(Almost) never
60e9fd8a2f52070be49cf317,No,No,1 day - 1 month,Born in the USA,No Asian background,0,Very necessary,Banning the hate speech creator from the relevant social media platform,(Almost) never
62d133496cf7f774b8bf98a0,No,No,Never,Born in the USA,No Asian background,0,Unnecessary,Banning the hate speech creator from the relevant social media platform,(Almost) never
5e74508464051f3bc699a3ee,No,No,Never,Born in the USA,No Asian background,0,Neutral,Banning the hate speech creator from the relevant social media platform,(Almost) never
63d3fa0d6c990bc96e11becf,No,No,Never,Born in the USA,No Asian background,0,Necessary,Banning the hate speech creator from the relevant social media platform,(Almost) never
614f6bad672ef7cf5ecfd965,No,No,Never,Born in the USA,No Asian background,0,Necessary,Banning the hate speech creator from the relevant social media platform,(Almost) never
590208c89571f50001c666e3,"Yes: online hate speech based on a non-race sensitive attribute (such as gender, sexual orientation, etc.)","Yes: verbal hate speech based on a non-race sensitive attribute (such as gender, sexual orientation, etc.)",Never,Born in the USA,No Asian background,0,Very necessary,"Criminal punishment (such as community service, probation, jail time)",(Almost) always
5d4a03a7278a80001a4fa9df,No,No,Never,Born in the USA,No Asian background,0,Very necessary,Deleting the hateful content (such as specific hate tweets),Weekly
5de260b9553cee28d97b058d,"Yes: online hate speech against a non-Asian race/ethnicity (such as against Black, Hispanic, etc.)","Yes: verbal hate speech against a non-Asian race/ethnicity (such as against Black, Hispanic, etc.)",Never,Born in the USA,No Asian background,1,Very necessary,Banning the hate speech creator from the relevant social media platform,(Almost) never
647e00af96651278d30d298a,No,No,Never,Born in the USA,No Asian background,0,Necessary,Banning the hate speech creator from the relevant social media platform,(Almost) never
5e9f3f09ccc75a0c345e4845,No,No,Never,Born in the USA,No Asian background,0,Necessary,Civil damages (such as financial compensation for the victims’ mental sufferings),(Almost) never
620bdf2aa922fc3f247f706b,No,No,Never,Born in the USA,"An East Asian or Southeast Asian country not mentioned above (such as Mongolia, Singapore, etc.)",0,Neutral,Deleting the hateful content (such as specific hate tweets),Monthly
638e84c70418d8a2c0aa372e,"Yes: online hate speech based on a non-race sensitive attribute (such as gender, sexual orientation, etc.)","Yes: verbal hate speech based on a non-race sensitive attribute (such as gender, sexual orientation, etc.)",Never,Born in the USA,No Asian background,0,Necessary,Banning the hate speech creator from the relevant social media platform,(Almost) never
6105b1b285e91680458bd341,No,No,Never,Born in the USA,No Asian background,0,Unnecessary,No sanction,(Almost) never
637ce608b8f8f923bf784d84,No,No,Never,Born in the USA,No Asian background,0,Necessary,Banning the hate speech creator from the relevant social media platform,(Almost) never
58a53fd327c3bb00014e74e2,No,No,Never,Born in the USA,No Asian background,0,Necessary,Civil damages (such as financial compensation for the victims’ mental sufferings),Monthly
5fc6e3a0040c3f0e7cb45c8a,No,No,1 day - 1 month,Born in the USA,No Asian background,0,Necessary,No sanction,(Almost) never
5d4231211a477100015274df,No,"Yes: verbal hate speech based on a non-race sensitive attribute (such as gender, sexual orientation, etc.)",Never,Born in the USA,No Asian background,0,Necessary,Civil damages (such as financial compensation for the victims’ mental sufferings),(Almost) never
5e1fc8d45427912f6143b012,No,No,1 day - 1 month,Born in the USA,No Asian background,0,Necessary,Civil damages (such as financial compensation for the victims’ mental sufferings),(Almost) never
626976d0dfd20d6832fc92aa,No,"Yes: verbal hate speech against a non-Asian race/ethnicity (such as against Black, Hispanic, etc.)",Never,Born in the USA,No Asian background,0,Necessary,Banning the hate speech creator from the relevant social media platform,Weekly
62b473736986d2b27c1427d2,Yes: online hate speech against Asian but not Chinese,"Yes: verbal hate speech against a non-Asian race/ethnicity (such as against Black, Hispanic, etc.)",1 year - 5 years,Moved to the USA at an age between 5 and 18 years old,No Asian background,3 or more,Necessary,Banning the hate speech creator from the relevant social media platform,Yearly
629aa31883e52081b06a8a8d,No,"Yes: verbal hate speech based on a non-race sensitive attribute (such as gender, sexual orientation, etc.)",Never,Born in the USA,No Asian background,0,Necessary,Banning the hate speech creator from the relevant social media platform,(Almost) always
5d75c56a52c89d0017df611c,No,No,Never,Born in the USA,No Asian background,0,Very necessary,Banning the hate speech creator from the relevant social media platform,(Almost) never
5ed07b035d44fa1539f0c3e4,No,"Yes: verbal hate speech against a non-Asian race/ethnicity (such as against Black, Hispanic, etc.)",Never,Born in the USA,No Asian background,0,Very necessary,Civil damages (such as financial compensation for the victims’ mental sufferings),(Almost) never
641363233e3398da82fcb757,No,No,Never,Born in the USA,No Asian background,0,Necessary,Civil damages (such as financial compensation for the victims’ mental sufferings),Monthly
612fd3208d3decaf3ec80bcc,No,No,Never,Born in the USA,No Asian background,0,Neutral,"Criminal punishment (such as community service, probation, jail time)",(Almost) never
5de7d7a6603b1b73f3944f8e,No,"Yes: verbal hate speech against a non-Asian race/ethnicity (such as against Black, Hispanic, etc.)",Never,Born in the USA,No Asian background,0,Necessary,Banning the hate speech creator from the relevant social media platform,Weekly
58642f4de16d530001b34622,No,No,Never,Born in the USA,No Asian background,0,Necessary,Banning the hate speech creator from the relevant social media platform,(Almost) never
5bf55a643a426e00019e3990,No,No,Never,Born in the USA,No Asian background,0,Necessary,Banning the hate speech creator from the relevant social media platform,(Almost) never
6405feae7d6321bfaaf793e8,No,"Yes: verbal hate speech based on a non-race sensitive attribute (such as gender, sexual orientation, etc.)",Never,Born in the USA,No Asian background,0,Necessary,Civil damages (such as financial compensation for the victims’ mental sufferings),(Almost) never
633c74ad6178784ed5b52104,No,No,1 day - 1 month,Born in the USA,No Asian background,0,Necessary,Banning the hate speech creator from the relevant social media platform,Daily
5fc9ce5b18ab2352473b125d,"Yes: online hate speech against a non-Asian race/ethnicity (such as against Black, Hispanic, etc.)",No,Never,Moved to the USA at an age between 5 and 18 years old,No Asian background,0,Very necessary,Banning the hate speech creator from the relevant social media platform,(Almost) never
6125eca03b2cfbbe2e6a88cd,No,No,Never,Born in the USA,No Asian background,0,Necessary,Banning the hate speech creator from the relevant social media platform,Yearly
60f39f67a5c2c9e50ce470ee,No,"Yes: verbal hate speech against a non-Asian race/ethnicity (such as against Black, Hispanic, etc.)",1 day - 1 month,Born in the USA,No Asian background,0,Necessary,Civil damages (such as financial compensation for the victims’ mental sufferings),(Almost) never
5658000ca9872d0011e1ba26,No,No,Never,Born in the USA,No Asian background,0,Necessary,Banning the hate speech creator from the relevant social media platform,(Almost) never
6294ea611ee4f49421c6b905,No,"Yes: verbal hate speech based on a non-race sensitive attribute (such as gender, sexual orientation, etc.)",Never,Born in the USA,No Asian background,0,Necessary,Civil damages (such as financial compensation for the victims’ mental sufferings),Monthly
61fa93435719bc09cb834c4f,No,"Yes: verbal hate speech based on a non-race sensitive attribute (such as gender, sexual orientation, etc.)",Never,Born in the USA,No Asian background,0,Necessary,Banning the hate speech creator from the relevant social media platform,(Almost) never
5ffb8c5b60571908f3ac19fa,No,No,Never,Born in the USA,No Asian background,0,Necessary,Banning the hate speech creator from the relevant social media platform,(Almost) never
60fd6618f9a377f54dcdf318,No,No,Never,Born in the USA,No Asian background,0,Unnecessary,No sanction,(Almost) never
63d15e1be853005ff591b935,No,No,1 month - 1 year,Born in the USA,No Asian background,0,Unnecessary,No sanction,(Almost) never
5eb693937a030e5923b44068,No,No,Never,Born in the USA,Prefer not to answer,0,Neutral,Banning the hate speech creator from the relevant social media platform,(Almost) never
5f5e32a0d6a12c6857b8e127,"Yes: online hate speech based on a non-race sensitive attribute (such as gender, sexual orientation, etc.)","Yes: verbal hate speech based on a non-race sensitive attribute (such as gender, sexual orientation, etc.)",Never,Born in the USA,No Asian background,0,Necessary,Banning the hate speech creator from the relevant social media platform,Yearly
63d193c45e01ccb694993e7f,No,No,1 day - 1 month,Born in the USA,No Asian background,0,Necessary,Civil damages (such as financial compensation for the victims’ mental sufferings),(Almost) never
64226a9ac7739618beeee60d,No,No,Never,Born in the USA,No Asian background,0,Very necessary,Banning the hate speech creator from the relevant social media platform,Monthly
62c71e41af2bc57590b548e8,No,No,Never,Born in the USA,No Asian background,0,Necessary,Banning the hate speech creator from the relevant social media platform,Daily
64876e8c1a6f7c303a92351b,No,Yes: verbal hate speech against Chinese,Never,Born in the USA,No Asian background,0,Necessary,Banning the hate speech creator from the relevant social media platform,Monthly
6109ca40ef8f38498af102ff,No,"Yes: verbal hate speech against a non-Asian race/ethnicity (such as against Black, Hispanic, etc.)",Never,Moved to the USA at an age lower than 5 years old,No Asian background,0,Unnecessary,Deleting the hateful content (such as specific hate tweets),Monthly
5adef850eb60400001539109,"Yes: online hate speech based on a non-race sensitive attribute (such as gender, sexual orientation, etc.)",No,Never,Born in the USA,No Asian background,0,Necessary,Civil damages (such as financial compensation for the victims’ mental sufferings),(Almost) never
6107194e818802835d2f6ba3,No,No,Never,Born in the USA,No Asian background,0,Neutral,Civil damages (such as financial compensation for the victims’ mental sufferings),Yearly
633f050f498936a87592181c,No,No,Never,Born in the USA,No Asian background,0,Very necessary,Civil damages (such as financial compensation for the victims’ mental sufferings),(Almost) never
5dec8925be656d35d4005320,No,No,Never,Born in the USA,No Asian background,0,Very unnecessary,Deleting the hateful content (such as specific hate tweets),(Almost) never
63c3ad21e11e4d881d3d4220,No,No,Over 5 years,Moved to the USA at an age higher than 30 years old,An Asian country outside East/Southeast Asia,0,Very necessary,Banning the hate speech creator from the relevant social media platform,(Almost) never
607cbf385d3202721e3f719f,No,No,Never,Born in the USA,No Asian background,0,Very necessary,Civil damages (such as financial compensation for the victims’ mental sufferings),(Almost) never
603d6ae665fbaacb5621ede2,"Yes: online hate speech based on a non-race sensitive attribute (such as gender, sexual orientation, etc.)","Yes: verbal hate speech against a non-Asian race/ethnicity (such as against Black, Hispanic, etc.)",Never,Born in the USA,No Asian background,0,Necessary,Banning the hate speech creator from the relevant social media platform,Yearly
62b0ff84054c6ca32f481c65,No,No,Never,Born in the USA,No Asian background,0,Neutral,Banning the hate speech creator from the relevant social media platform,(Almost) never
63474e67a5fd298c6103c409,"Yes: online hate speech based on a non-race sensitive attribute (such as gender, sexual orientation, etc.)","Yes: verbal hate speech based on a non-race sensitive attribute (such as gender, sexual orientation, etc.)",Never,Born in the USA,No Asian background,0,Unnecessary,Deleting the hateful content (such as specific hate tweets),Weekly
634696400ff1ac25ed01ad11,No,No,Never,Born in the USA,No Asian background,0,Necessary,Banning the hate speech creator from the relevant social media platform,Daily
5c2c189b867f660001af5dc5,"Yes: online hate speech based on a non-race sensitive attribute (such as gender, sexual orientation, etc.)","Yes: verbal hate speech based on a non-race sensitive attribute (such as gender, sexual orientation, etc.)",1 month - 1 year,Born in the USA,No Asian background,2,Necessary,Banning the hate speech creator from the relevant social media platform,Daily
5e4d2e7f6603cd16888864e7,No,No,Never,Born in the USA,No Asian background,0,Neutral,Deleting the hateful content (such as specific hate tweets),(Almost) always
63052f20afc39e87110eb83e,No,No,Never,Moved to the USA at an age between 18 and 30 years old,No Asian background,0,Necessary,Banning the hate speech creator from the relevant social media platform,Monthly
5f6ac3f62c65e21a96d0a5e1,No,"Yes: verbal hate speech based on a non-race sensitive attribute (such as gender, sexual orientation, etc.)",Never,Born in the USA,No Asian background,0,Unnecessary,Banning the hate speech creator from the relevant social media platform,(Almost) never
5c3f73e9d831ed0001f794ec,No,"Yes: verbal hate speech based on a non-race sensitive attribute (such as gender, sexual orientation, etc.)",Never,Born in the USA,No Asian background,0,Necessary,Civil damages (such as financial compensation for the victims’ mental sufferings),Yearly
5b05fa7c6f73510001fd9cf3,"Yes: online hate speech based on a non-race sensitive attribute (such as gender, sexual orientation, etc.)","Yes: verbal hate speech based on a non-race sensitive attribute (such as gender, sexual orientation, etc.)",Never,Born in the USA,No Asian background,0,Necessary,Banning the hate speech creator from the relevant social media platform,Weekly
5e6ec2818808e6486e268039,,,,,,,,,
5c797d0cb5254b001690625d,No,"Yes: verbal hate speech against a non-Asian race/ethnicity (such as against Black, Hispanic, etc.)",Never,Born in the USA,No Asian background,0,Unnecessary,No sanction,(Almost) always
60de9c66c01a9de405e9efb0,No,No,Never,Born in the USA,No Asian background,0,Very necessary,"Criminal punishment (such as community service, probation, jail time)",(Almost) never
5bd8fabf544d4f000141d94d,No,No,Never,Born in the USA,No Asian background,0,Necessary,Deleting the hateful content (such as specific hate tweets),(Almost) never